id,name,brand,category
1000,specjalny wchodzić ruch,Nike,majtki
1001,lew żaden internetowy,Puma,bluzy
1002,policja polować przyjmować,Puma,koszulki
1003,gruby igła sześćdziesiąt,4F,kurtki
1004,sześćdziesiąt powszechny filozofia,4F,buty
1005,łyżka abugida wyjście,Guess,sportowe
1006,miesiąc kupić pozwalać,Puma,szorty
1007,zjeść zmieniać egzamin,Nike,koszulki
1008,chronić czwartek kontakt,Guess,spodnie
1009,sześć obecnie blady,Puma,majtki
1010,wrogość prawie ząb,Puma,spódnice
1011,warzywo miękki wódka,Calvin Klein,majtki
1012,pojedynczy istotny nowy,Hugo Boss,sukienki
1013,siedem panować wywołać,Prada,stroje kąpielowe
1014,pojechać bardzo reakcja,H&M,sportowe
1015,układ pięćdziesiąt większy,Hugo Boss,kurtki
1016,wykonanie potrawa ramię,Gucci,buty
1017,film gałąź nie,Puma,sportowe
1018,wioska wysoki gdzieś,Dolce&Gabbana,torebki/plecaki
1019,obóz księga dziesięć,Guess,buty
1020,kolorowy siedzieć instrument,Hugo Boss,torebki/plecaki
1021,mocno lot użycie,H&M,majtki
1022,prawie kierowca kalendarz,Lasocki,koszule
1023,czyn ssak tylko,DeeZee,stroje kąpielowe
1024,5 się wojsko,Adidas,majtki
1025,podstawa produkować wykonać,Gucci,skarpetki
1026,czas ogród zegar,4F,torebki/plecaki
1027,jej bar chleb,H&M,majtki
1028,tak fotografia fala,Gucci,koszule
1029,działalność my niebezpieczeństwo,Gino Rossi,stroje kąpielowe
1030,roślina przygotowywać banknot,Prada,koszulki
1031,szlachetny nieść kość,4F,skarpetki
1032,stawiać budynek czyjś,Puma,bluzy
1033,całkiem Polak kult,Dolce&Gabbana,kurtki
1034,jednocześnie wiedzieć ogród,Adidas,koszulki
1035,czysty czyjś chiński,Lasocki,koszule
1036,przynosić zobaczyć zawartość,Nike,spodnie
1037,więzienie wieś okno,Adidas,buty
1038,zwolennik czas abugida,Chanel,sukienki
1039,(…) złoto rzymski,Calvin Klein,spódnice
1040,pomoc żołądek rola,Lasocki,skarpetki
1041,brać model wtorek,Hugo Boss,sportowe
1042,jeszcze masło wzrost,DeeZee,koszule
1043,dzisiejszy sok dziewczynka,Calvin Klein,skarpetki
1044,tracić swój cienki,DeeZee,majtki
1045,głośny atmosfera żelazo,Dolce&Gabbana,sukienki
1046,otrzymywać ośrodek okoliczność,Nike,torebki/plecaki
1047,plaża pisanie sprawa,Hugo Boss,koszulki
1048,podatek uśmiech korona,Calvin Klein,majtki
1049,wolny wszystko przedmiot,Guess,bluzy
1050,zmęczony morze wizyta,Calvin Klein,torebki/plecaki
1051,ofiara zakończyć trudno,4F,koszule
1052,zając plecy nie,Lasocki,sukienki
1053,szkoła wczesny nos,Nike,majtki
1054,posługiwać się specjalny zapomnieć,Hugo Boss,buty
1055,dopływ nieszczęście ziemski,H&M,buty
1056,tablica wykonanie ten,Calvin Klein,spódnice
1057,zima dopływ nauka,Gino Rossi,majtki
1058,kura Grecja plecy,Lasocki,szorty
1059,katastrofa aktor siódmy,Dolce&Gabbana,majtki
1060,następować liczba atomowa jesień,Calvin Klein,bluzy
1061,styczeń studiować pisanie,Lasocki,stroje kąpielowe
1062,więcej zrozumieć godność,Hugo Boss,torebki/plecaki
1063,szef kamień sto,Chanel,koszule
1064,wzrost użycie ogon,DeeZee,koszule
1065,wakacje słaby telewizja,Guess,stroje kąpielowe
1066,całkiem poprzedni waluta,H&M,szorty
1067,sprawiać przecież Afganistan,Calvin Klein,torebki/plecaki
1068,20 słuchać świeca,Puma,koszulki
1069,komórka głupota kontakt,Dolce&Gabbana,koszule
1070,jeszcze rozpocząć 8,Prada,koszulki
1071,niewielki myśl sól,DeeZee,sportowe
1072,ostatni październik umożliwiać,Dolce&Gabbana,kurtki
1073,noc ręka rynek,Puma,kurtki
1074,wydawać wrócić zabawka,DeeZee,koszule
1075,przyprawa pierwiastek chemiczny wybitny,Chanel,sukienki
1076,gość procent 2,H&M,bluzy
1077,morski amharski panna,Gino Rossi,bluzy
1078,dyskusja niż diabeł,DeeZee,kurtki
1079,podróż latać obiad,4F,bluzy
1080,one myśleć futro,Prada,koszulki
1081,firma wracać krew,Chanel,szorty
1082,mężczyzna Unia Europejska statek,Calvin Klein,buty
1083,uwaga mecz stolica,Adidas,spódnice
1084,późny zajmować się cienki,Gino Rossi,koszule
1085,łatwo handlowy miły,Nike,szorty
1086,zdrowie milion jego,Gino Rossi,torebki/plecaki
1087,pozostać wieża mgła,Hugo Boss,szorty
1088,dawno sąd chemiczny,Calvin Klein,koszulki
1089,wyrażenie nawet liść,Chanel,koszule
1090,– norma zmęczony,H&M,spodnie
1091,piasek zeszły zaś,Lasocki,koszulki
1092,nos prosty stały,DeeZee,sportowe
1093,poruszać gra naprawdę,Lasocki,majtki
1094,daleko również podróż,Guess,koszulki
1095,informacja bądź cena,Hugo Boss,buty
1096,konflikt narodowy mgła,Hugo Boss,kurtki
1097,usługa świeży siedem,Lasocki,spódnice
1098,katastrofa jazda członek,Calvin Klein,stroje kąpielowe
1099,pół milion całkowicie,Calvin Klein,bluzy
1100,władca często wierny,Nike,sukienki
1101,dar śmiać się polegać,Hugo Boss,kurtki
1102,energia wybór kiedyś,DeeZee,szorty
1103,czeski trwały zero,Prada,sportowe
1104,określony jedyny urząd,Puma,koszule
1105,futro znajdować się niszczyć,Prada,szorty
1106,miasto drugi godzina,Dolce&Gabbana,torebki/plecaki
1107,błoto ogromny potrzebny,Dolce&Gabbana,szorty
1108,lotniczy reakcja głupek,Calvin Klein,buty
1109,cesarz przyszły pięćdziesiąt,Calvin Klein,stroje kąpielowe
1110,japoński zostać sieć,Gino Rossi,spódnice
1111,cześć Indie filmowy,4F,szorty
1112,(…) otwierać twarz,Nike,stroje kąpielowe
1113,wódka moneta wódka,4F,koszule
1114,jaki wyrok osoba,Nike,koszulki
1115,wchodzić położenie błąd,Guess,buty
1116,chrześcijaństwo przyjść drzewo,Gino Rossi,spodnie
1117,uderzyć bydło odpowiedni,Prada,buty
1118,mysz niechęć gospodarka,DeeZee,kurtki
1119,pusty daleko egzamin,Dolce&Gabbana,skarpetki
1120,wczoraj zwolennik muzeum,Gino Rossi,koszulki
1121,koza siedziba prawdziwy,Puma,sukienki
1122,czwarty ludzie pojemnik,Guess,torebki/plecaki
1123,wybrać lato średniowieczny,Prada,szorty
1124,pójść moc widoczny,Gino Rossi,majtki
1125,pani 8 pytanie,Guess,koszulki
1126,ulegać wiadomość a,Chanel,spódnice
1127,polityczny pusty sala,Puma,skarpetki
1128,niebo wysłać zazwyczaj,Guess,spodnie
1129,zakład że wrogość,Adidas,buty
1130,robotnik zazwyczaj my,Calvin Klein,skarpetki
1131,dodawać ważny droga,Puma,buty
1132,narodowość z miejski,Gino Rossi,sportowe
1133,nadzieja znaczenie pozostać,Nike,koszulki
1134,diabeł polityka fabryka,Puma,spodnie
1135,rodzaj drzewo Ziemia,Gino Rossi,sportowe
1136,chrześcijański naturalny człowiek,4F,buty
1137,dziób intensywny całkowity,Adidas,spodnie
1138,deszcz połowa ukraiński,Guess,skarpetki
1139,rodzic zdarzenie koncert,Guess,szorty
1140,wrażenie ciężki zawodnik,Prada,bluzy
1141,mocno ciemność figura,DeeZee,sukienki
1142,jego wiedza wojna,Guess,stroje kąpielowe
1143,gdyby gałąź produkcja,Guess,bluzy
1144,prawda rozpocząć hałas,Prada,kurtki
1145,olej święto USA,Calvin Klein,koszule
1146,ponownie pożar element,Puma,kurtki
1147,rak nowy ściana,4F,majtki
1148,wywoływać nóż student,Hugo Boss,majtki
1149,czas las nazwisko,Gino Rossi,szorty
1150,zabawa wytwarzać rzecz,Gucci,spódnice
1151,litera zabawka księżyc,Prada,kurtki
1152,trzymać nastrój obejmować,Puma,koszulki
1153,styl kot ciągle,Puma,stroje kąpielowe
1154,wniosek mądry wizyta,Calvin Klein,sportowe
1155,odległość Kościół złapać,Guess,kurtki
1156,przyjemność zewnętrzny słyszeć,Calvin Klein,sukienki
1157,plama szyja nagle,Calvin Klein,sukienki
1158,organizacja poruszać powoli,Gino Rossi,koszulki
1159,kolano chęć oddech,Hugo Boss,koszulki
1160,pokonać wierny żart,Nike,majtki
1161,zachowanie mecz 30,Hugo Boss,skarpetki
1162,obwód grać z powodu,Dolce&Gabbana,majtki
1163,plan oczekiwać atmosfera,4F,sukienki
1164,kamień pokazywać wina,H&M,stroje kąpielowe
1165,ulegać pokryć ptak,DeeZee,sportowe
1166,mieć na imię złoto pół,4F,spodnie
1167,sportowy 1 Warszawa,Dolce&Gabbana,spódnice
1168,sześćdziesiąt żołądek ciało,Prada,kurtki
1169,centralny Unia Europejska strata,Guess,torebki/plecaki
1170,naród cisza słaby,H&M,spódnice
1171,przedmiot dodatkowy środowisko,Calvin Klein,torebki/plecaki
1172,szanowny raz marzec,H&M,szorty
1173,kwestia czapka transport,Nike,koszulki
1174,powietrze cierpienie potrzebny,Puma,sukienki
1175,kieszeń źle marka,Dolce&Gabbana,spodnie
1176,samolot sprawa temperatura,Hugo Boss,torebki/plecaki
1177,już materiał śmiać się,Chanel,spódnice
1178,dokładny zaburzenie przyjaciel,4F,koszulki
1179,wydawać się reguła klub,Guess,buty
1180,pomiędzy światło wyrok,Guess,torebki/plecaki
1181,płaszcz paliwo wschodni,Chanel,bluzy
1182,Belgia dyrektor Hiszpania,Nike,majtki
1183,kolacja zadanie ziemski,Dolce&Gabbana,bluzy
1184,właściciel drzwi figura,Prada,buty
1185,krótki armia biskup,Gucci,bluzy
1186,chęć europejski sylaba,Nike,stroje kąpielowe
1187,córka rejon wychodzić,Prada,majtki
1188,wywodzić się naród zielony,Chanel,majtki
1189,konflikt marzec szlachetny,Chanel,koszulki
1190,wspaniały włos ogólny,4F,kurtki
1191,ryzyko ludowy sąsiad,Adidas,sukienki
1192,metalowy jeść podawać,Adidas,sukienki
1193,Niemiec zasada pan,Calvin Klein,majtki
1194,dar prezydent proces,Gino Rossi,sportowe
1195,autobus sobie uderzać,Puma,buty
1196,międzynarodowy obrona kostka,Chanel,skarpetki
1197,obszar księżyc taniec,Puma,bluzy
1198,warzywo i wierzyć,H&M,sukienki
1199,alkohol Japonia maszyna,H&M,sukienki
1200,żona Grecja owoc,Nike,koszule
1201,przecież listopad sieć,Prada,sportowe
1202,dość duży wada,Guess,torebki/plecaki
1203,bydło bank domowy,Puma,spódnice
1204,dziecięcy cień róg,Hugo Boss,bluzy
1205,w kształcie rozmawiać obszar,Adidas,koszule
1206,broń ludzki suma,H&M,sukienki
1207,Słońce rola spadać,Gucci,stroje kąpielowe
1208,pewien szacunek oddawać,DeeZee,skarpetki
1209,kierować mięso chłopak,DeeZee,sukienki
1210,jakiś potrafić wina,Gucci,sukienki
1211,obraz płaszcz śmiać się,Hugo Boss,skarpetki
1212,podróż centralny marka,Guess,majtki
1213,klucz właściwy mocny,Puma,bluzy
1214,myśl czuć alfabet,Prada,sukienki
1215,autor pole miesiąc,4F,spodnie
1216,10 tak osiem,Chanel,majtki
1217,dwa kieszeń według,Guess,sukienki
1218,kino niebezpieczny Japonia,Hugo Boss,torebki/plecaki
1219,reguła gniew idea,4F,buty
1220,(…) osiem król,Guess,stroje kąpielowe
1221,umrzeć sam religijny,Dolce&Gabbana,stroje kąpielowe
1222,Unia Europejska uzyskać poznać,Lasocki,kurtki
1223,sześćdziesiąt bilet wybitny,Hugo Boss,sportowe
1224,kraina wychodzić policjant,DeeZee,buty
1225,jajko potrzebować podać,Adidas,szorty
1226,wioska inny wtorek,4F,sportowe
1227,żart żywy smutny,Gino Rossi,bluzy
1228,Białoruś choroba szczyt,Gino Rossi,stroje kąpielowe
1229,zdolność miękki obejmować,Puma,skarpetki
1230,pomóc wynik bydło,Dolce&Gabbana,stroje kąpielowe
1231,cecha urodzić strach,Prada,sportowe
1232,broń włoski pójść,Hugo Boss,skarpetki
1233,związany wolny mąż,Nike,spódnice
1234,szeroki zająć sześć,Adidas,skarpetki
1235,wartość charakter koniec,Dolce&Gabbana,sportowe
1236,dziewięć republika przeciw,Adidas,spodnie
1237,pacjent wierzyć mi,H&M,szorty
1238,wspólnota surowy wybuch,Adidas,torebki/plecaki
1239,śmierć dzień październik,Dolce&Gabbana,koszulki
1240,Morze Śródziemne liczny posługiwać się,Gucci,szorty
1241,przychodzić dwudziesty jednostka,Nike,majtki
1242,ponad finansowy zwyczaj,Gucci,majtki
1243,pismo podczas spodnie,Chanel,bluzy
1244,sen potrafić Żyd,Gino Rossi,kurtki
1245,wisieć wczesny dźwięk,Prada,buty
1246,niemiecki znaczenie studiować,Dolce&Gabbana,skarpetki
1247,port ofiara samochodowy,H&M,stroje kąpielowe
1248,mocny rozumieć własny,Dolce&Gabbana,sukienki
1249,wystawa telewizja Białoruś,DeeZee,stroje kąpielowe
1250,płacić dziewczyna by,Dolce&Gabbana,koszule
1251,grunt typ kolejny,Calvin Klein,szorty
1252,sobie podstawowy niechęć,Calvin Klein,szorty
1253,brzuch prezydent 7,Chanel,bluzy
1254,tytoń ząb Chiny,Hugo Boss,skarpetki
1255,wygrać siedem pełnić,Dolce&Gabbana,spodnie
1256,typowy student naukowy,Nike,szorty
1257,otwierać jajo prowincja,Puma,kurtki
1258,sprawiać lek pierwiastek chemiczny,Prada,spódnice
1259,za szybko sen,Calvin Klein,koszulki
1260,? szpital popularny,Gino Rossi,majtki
1261,szkodliwy władca prezent,Prada,kurtki
1262,przyjąć poznać ziemia,Gino Rossi,spódnice
1263,się umowa zabić,Guess,sukienki
1264,zgodnie kamień piosenka,Prada,bluzy
1265,wykorzystywać lustro zachowywać się,Hugo Boss,sportowe
1266,działalność pokarm mieć na imię,Prada,koszulki
1267,świadczyć własność uczeń,4F,sukienki
1268,proces ośrodek sowa,DeeZee,bluzy
1269,adres proszę w kształcie,Lasocki,majtki
1270,gdzieś tam grunt,Gino Rossi,koszulki
1271,usługa kolumna rozmiar,Gucci,szorty
1272,grudzień lista szwedzki,Nike,buty
1273,ssak dźwięk Morze Śródziemne,DeeZee,buty
1274,skończyć ostatni państwo,Prada,skarpetki
1275,miejscowość niechęć 8,Lasocki,szorty
1276,siostra srebro nauczyciel,Puma,koszulki
1277,wniosek Francja drobny,Guess,spodnie
1278,nieszczęście rada grupa,4F,stroje kąpielowe
1279,pusty igła strumień,Nike,sportowe
1280,coś narodowy metr,Prada,spódnice
1281,norma pieniądze wewnętrzny,Lasocki,kurtki
1282,z powodu powinien rana,Nike,majtki
1283,świnia piasek wolno,Prada,buty
1284,szacunek intensywny Chiny,Puma,skarpetki
1285,sygnał widzieć spodnie,Hugo Boss,koszule
1286,tańczyć krzew pająk,Dolce&Gabbana,szorty
1287,teoria ona szczęśliwy,Nike,spódnice
1288,pojedynczy niebieski róża,H&M,buty
1289,smutny słyszeć uzyskać,Lasocki,stroje kąpielowe
1290,wtorek ośrodek przyszły,Adidas,spodnie
1291,domowy teoria kolor,Gucci,spódnice
1292,dzieło wschodni mnóstwo,Adidas,buty
1293,czyjś więcej grecki,Puma,stroje kąpielowe
1294,obywatelka bok majuskuła,Nike,spódnice
1295,istnienie płaszcz wzdłuż,Gucci,sportowe
1296,urząd spotkanie cztery,Nike,kurtki
1297,plecy sukces europejski,Gino Rossi,torebki/plecaki
1298,czwarty arabski byk,Calvin Klein,skarpetki
1299,odcień sąsiad teatr,Nike,sportowe
